{
    "interactionModel": {
        "languageModel": {
            "invocationName": "classroom briefing",
            "intents": [
                {
                    "name": "AMAZON.CancelIntent",
                    "samples": []
                },
                {
                    "name": "AMAZON.HelpIntent",
                    "samples": []
                },
                {
                    "name": "AMAZON.StopIntent",
                    "samples": []
                },
                {
                    "name": "PlayBriefing",
                    "slots": [
                        {
                            "name": "classDate",
                            "type": "AMAZON.DATE"
                        },
                        {
                            "name": "courseNumber",
                            "type": "AMAZON.FOUR_DIGIT_NUMBER"
                        }
                    ],
                    "samples": [
                        "play my briefing",
                        "play my briefing for course {courseNumber} on {classDate}"
                    ]
                },
                {
                    "name": "AddBriefingNote",
                    "slots": [
                        {
                            "name": "noteContent",
                            "type": "AMAZON.SearchQuery"
                        }
                    ],
                    "samples": [
                        "add a note that says {noteContent}"
                    ]
                },
                {
                    "name": "SpecifyCourse",
                    "slots": [
                        {
                            "name": "courseNumber",
                            "type": "AMAZON.FOUR_DIGIT_NUMBER"
                        }
                    ],
                    "samples": [
                        "Course {courseNumber}"
                    ]
                },
                {
                    "name": "SpecifyDate",
                    "slots": [
                        {
                            "name": "classDate",
                            "type": "AMAZON.DATE"
                        }
                    ],
                    "samples": [
                        "On {classDate}"
                    ]
                }
            ],
            "types": []
        },
        "dialog": {
            "intents": [
                {
                    "name": "PlayBriefing",
                    "confirmationRequired": false,
                    "prompts": {},
                    "slots": [
                        {
                            "name": "classDate",
                            "type": "AMAZON.DATE",
                            "confirmationRequired": false,
                            "elicitationRequired": true,
                            "prompts": {
                                "elicitation": "Elicit.Slot.361498969210.1019633625842"
                            }
                        },
                        {
                            "name": "courseNumber",
                            "type": "AMAZON.FOUR_DIGIT_NUMBER",
                            "confirmationRequired": false,
                            "elicitationRequired": true,
                            "prompts": {
                                "elicitation": "Elicit.Slot.361498969210.127450840526"
                            }
                        }
                    ]
                },
                {
                    "name": "AddBriefingNote",
                    "confirmationRequired": false,
                    "prompts": {},
                    "slots": [
                        {
                            "name": "noteContent",
                            "type": "AMAZON.SearchQuery",
                            "confirmationRequired": false,
                            "elicitationRequired": true,
                            "prompts": {
                                "elicitation": "Elicit.Slot.837975548421.642217154964"
                            }
                        }
                    ]
                },
                {
                    "name": "SpecifyCourse",
                    "confirmationRequired": false,
                    "prompts": {},
                    "slots": [
                        {
                            "name": "courseNumber",
                            "type": "AMAZON.FOUR_DIGIT_NUMBER",
                            "confirmationRequired": false,
                            "elicitationRequired": true,
                            "prompts": {
                                "elicitation": "Elicit.Slot.745256274008.586545644482"
                            }
                        }
                    ]
                },
                {
                    "name": "SpecifyDate",
                    "confirmationRequired": false,
                    "prompts": {},
                    "slots": [
                        {
                            "name": "classDate",
                            "type": "AMAZON.DATE",
                            "confirmationRequired": false,
                            "elicitationRequired": true,
                            "prompts": {
                                "elicitation": "Elicit.Slot.58126902452.364784995296"
                            }
                        }
                    ]
                }
            ]
        },
        "prompts": [
            {
                "id": "Elicit.Slot.361498969210.1019633625842",
                "variations": [
                    {
                        "type": "PlainText",
                        "value": "For which date?"
                    }
                ]
            },
            {
                "id": "Elicit.Slot.361498969210.127450840526",
                "variations": [
                    {
                        "type": "PlainText",
                        "value": "What's the four digit course number?"
                    }
                ]
            },
            {
                "id": "Elicit.Slot.837975548421.642217154964",
                "variations": [
                    {
                        "type": "PlainText",
                        "value": "What do you want to say?"
                    }
                ]
            },
            {
                "id": "Elicit.Slot.745256274008.586545644482",
                "variations": [
                    {
                        "type": "PlainText",
                        "value": "What's the four digit course number?"
                    }
                ]
            },
            {
                "id": "Elicit.Slot.58126902452.364784995296",
                "variations": [
                    {
                        "type": "PlainText",
                        "value": "For what date?"
                    }
                ]
            }
        ]
    }
}
