{
    "interactionModel": {
        "languageModel": {
            "invocationName": "classroom briefing",
            "intents": [
                {
                    "name": "AMAZON.CancelIntent",
                    "samples": [
                        "bye bye",
                        "bye",
                        "no",
                        "that's all for now",
                        "nothing else",
                        "That's it",
                        "goodbye",
                        "I'm done",
                        "all done",
                        "That's all",
                        "I am all set",
                        "I'm all set",
                        "I'm all good",
                        "nothing"
                    ]
                },
                {
                    "name": "AMAZON.HelpIntent",
                    "samples": []
                },
                {
                    "name": "AMAZON.StopIntent",
                    "samples": []
                },
                {
                    "name": "PlayBriefing",
                    "slots": [
                        {
                            "name": "courseNumber",
                            "type": "AMAZON.FOUR_DIGIT_NUMBER",
                            "samples": [
                                "course number {courseNumber}",
                                "for course number {courseNumber}",
                                "for number {courseNumber}",
                                "number {courseNumber}",
                                "course {courseNumber}",
                                "for course {courseNumber}",
                                "for {courseNumber}",
                                "{courseNumber}"
                            ]
                        },
                        {
                            "name": "classDate",
                            "type": "AMAZON.DATE",
                            "samples": [
                                "on {classDate}",
                                "for the day {classDate}",
                                "for day {classDate}",
                                "for {classDate}",
                                "{classDate}"
                            ]
                        }
                    ],
                    "samples": [
                        "say note",
                        "play note",
                        "say a note",
                        "play my note",
                        "play a note",
                        "say a briefing",
                        "say my briefing",
                        "say briefing",
                        "play briefing",
                        "play a briefing",
                        "play my briefing",
                        "play my briefing for course {courseNumber} on {classDate}"
                    ]
                },
                {
                    "name": "AddBriefingNote",
                    "slots": [
                        {
                            "name": "noteContent",
                            "type": "AMAZON.SearchQuery",
                            "samples": [
                                "{noteContent}"
                            ]
                        }
                    ],
                    "samples": [
                        "add briefing note that says {noteContent}",
                        "add briefing that says {noteContent}",
                        "add note that says {noteContent}",
                        "add this note {noteContent}",
                        "add a briefing note that says {noteContent}",
                        "add a briefing that says {noteContent}",
                        "add a new briefing note",
                        "add a new breifing",
                        "add a new note",
                        "add a briefing note",
                        "add briefing",
                        "add note",
                        "add a briefing",
                        "add a note",
                        "add a note that says {noteContent}"
                    ]
                },
                {
                    "name": "SpecifyCourseNumber",
                    "slots": [
                        {
                            "name": "courseNumber",
                            "type": "AMAZON.FOUR_DIGIT_NUMBER",
                            "samples": [
                                "for course number {courseNumber}",
                                "for course {courseNumber}",
                                "for number {courseNumber}",
                                "for {courseNumber}",
                                "course number {courseNumber}",
                                "number {courseNumber}",
                                "course {courseNumber}",
                                "{courseNumber}"
                            ]
                        }
                    ],
                    "samples": [
                        "the course {courseNumber}",
                        "the course number is {courseNumber}",
                        "the course number {courseNumber}",
                        "number {courseNumber}",
                        "course number {courseNumber}",
                        "course {courseNumber}",
                        "for the course {courseNumber}",
                        "for number {courseNumber}",
                        "{courseNumber}",
                        "for {courseNumber}",
                        "for course number {courseNumber}"
                    ]
                },
                {
                    "name": "SpecifyClassDate",
                    "slots": [
                        {
                            "name": "classDate",
                            "type": "AMAZON.DATE",
                            "samples": [
                                "on the day {classDate}",
                                "on the {classDate}",
                                "on {classDate}",
                                "for the day {classDate}",
                                "for the {classDate}",
                                "for {classDate}",
                                "{classDate}"
                            ]
                        }
                    ],
                    "samples": [
                        "for the class on {classDate}",
                        "on the date {classDate}",
                        "on the {classDate}",
                        "on {classDate}",
                        "for the date {classDate}",
                        "for the date",
                        "for class date",
                        "for {classDate}",
                        "{classDate}",
                        "for class date {classDate}"
                    ]
                }
            ],
            "types": []
        },
        "dialog": {
            "intents": [
                {
                    "name": "PlayBriefing",
                    "confirmationRequired": false,
                    "prompts": {},
                    "slots": [
                        {
                            "name": "courseNumber",
                            "type": "AMAZON.FOUR_DIGIT_NUMBER",
                            "confirmationRequired": false,
                            "elicitationRequired": true,
                            "prompts": {
                                "elicitation": "Elicit.Slot.361498969210.127450840526"
                            }
                        },
                        {
                            "name": "classDate",
                            "type": "AMAZON.DATE",
                            "confirmationRequired": false,
                            "elicitationRequired": true,
                            "prompts": {
                                "elicitation": "Elicit.Slot.361498969210.1019633625842"
                            }
                        }
                    ]
                },
                {
                    "name": "AddBriefingNote",
                    "confirmationRequired": false,
                    "prompts": {},
                    "slots": [
                        {
                            "name": "noteContent",
                            "type": "AMAZON.SearchQuery",
                            "confirmationRequired": false,
                            "elicitationRequired": true,
                            "prompts": {
                                "elicitation": "Elicit.Slot.837975548421.642217154964"
                            }
                        }
                    ]
                },
                {
                    "name": "SpecifyCourseNumber",
                    "confirmationRequired": false,
                    "prompts": {},
                    "slots": [
                        {
                            "name": "courseNumber",
                            "type": "AMAZON.FOUR_DIGIT_NUMBER",
                            "confirmationRequired": false,
                            "elicitationRequired": true,
                            "prompts": {
                                "elicitation": "Elicit.Slot.363868777635.676496036501"
                            }
                        }
                    ]
                },
                {
                    "name": "SpecifyClassDate",
                    "confirmationRequired": false,
                    "prompts": {},
                    "slots": [
                        {
                            "name": "classDate",
                            "type": "AMAZON.DATE",
                            "confirmationRequired": false,
                            "elicitationRequired": true,
                            "prompts": {
                                "elicitation": "Elicit.Slot.361202748602.1472876747511"
                            }
                        }
                    ]
                }
            ]
        },
        "prompts": [
            {
                "id": "Elicit.Slot.361498969210.1019633625842",
                "variations": [
                    {
                        "type": "PlainText",
                        "value": "For which date?"
                    }
                ]
            },
            {
                "id": "Elicit.Slot.361498969210.127450840526",
                "variations": [
                    {
                        "type": "PlainText",
                        "value": "For which course number?"
                    }
                ]
            },
            {
                "id": "Elicit.Slot.837975548421.642217154964",
                "variations": [
                    {
                        "type": "PlainText",
                        "value": "What do you want to say?"
                    }
                ]
            },
            {
                "id": "Elicit.Slot.745256274008.586545644482",
                "variations": [
                    {
                        "type": "PlainText",
                        "value": "What's the four digit course number?"
                    }
                ]
            },
            {
                "id": "Elicit.Slot.58126902452.364784995296",
                "variations": [
                    {
                        "type": "PlainText",
                        "value": "For what date?"
                    }
                ]
            },
            {
                "id": "Elicit.Slot.361202748602.1472876747511",
                "variations": [
                    {
                        "type": "PlainText",
                        "value": "For which date?"
                    }
                ]
            },
            {
                "id": "Elicit.Slot.363868777635.676496036501",
                "variations": [
                    {
                        "type": "PlainText",
                        "value": "For which course number?"
                    }
                ]
            }
        ]
    }
}